-- BuildFlow seed reset function (admin-only)
-- Run in Supabase SQL Editor as role: postgres
-- Org id pinned to: 97165bae-19d5-41f6-978c-352876ac108b

create or replace function public.reset_buildflow_seed(target_org_id uuid default null)
returns void
language plpgsql
security definer
set search_path = public
as $$
declare
  v_org_id uuid := coalesce(target_org_id, public.current_profile_org_id());
  is_admin boolean := false;
  is_anon boolean := false;
begin
  select (role = 'admin') into is_admin from public.profiles where id = auth.uid();
  if coalesce(is_admin, false) = false then
    raise exception 'Not authorized';
  end if;

  begin
    select coalesce((auth.jwt() ->> 'is_anonymous')::boolean, false) into is_anon;
  exception when others then
    is_anon := false;
  end;
  -- Anonymous users are allowed to reset seed data for the demo org.

  if v_org_id is null then
    raise exception 'No org id available';
  end if;

  if v_org_id <> '97165bae-19d5-41f6-978c-352876ac108b'::uuid then
    raise exception 'Seed reset only configured for the BuildFlow demo org.';
  end if;

  -- Seed Supabase from local BuildFlow seed state
  -- Generated by scripts/generate-supabase-seed-from-local.mjs
  -- Org: 97165bae-19d5-41f6-978c-352876ac108b
  
  
  insert into public.organizations (id, name, builder_name, default_build_days, work_days, holidays)
  values (
    '97165bae-19d5-41f6-978c-352876ac108b',
    'ABC Homes',
    'ABC Homes',
    60,
    array[1, 2, 3, 4, 5]::integer[],
    array['2025-01-01', '2025-07-04', '2025-09-01', '2025-11-27', '2025-12-25', '2026-01-01']::text[]
  )
  on conflict (id) do update
  set
    name = excluded.name,
    builder_name = excluded.builder_name,
    default_build_days = excluded.default_build_days,
    work_days = excluded.work_days,
    holidays = excluded.holidays,
    updated_at = now();
  
  -- assign existing users in this project to the org
  insert into public.profiles (id, org_id, role, display_name)
  select
    u.id,
    '97165bae-19d5-41f6-978c-352876ac108b'::uuid,
    'admin',
    coalesce(u.raw_user_meta_data->>'full_name', split_part(u.email, '@', 1))
  from auth.users u
  on conflict (id) do update
  set
    org_id = excluded.org_id,
    role = excluded.role,
    display_name = excluded.display_name,
    updated_at = now();
  
  -- replace org-scoped data with local seed baseline
  delete from public.task_dependencies
  where exists (select 1 from public.tasks t where t.id = task_dependencies.task_id and t.org_id = '97165bae-19d5-41f6-978c-352876ac108b'::uuid);
  
  delete from public.tasks where org_id = '97165bae-19d5-41f6-978c-352876ac108b'::uuid;
  delete from public.lots where org_id = '97165bae-19d5-41f6-978c-352876ac108b'::uuid;
  delete from public.communities where org_id = '97165bae-19d5-41f6-978c-352876ac108b'::uuid;
  delete from public.subcontractors where org_id = '97165bae-19d5-41f6-978c-352876ac108b'::uuid;
  delete from public.plans where org_id = '97165bae-19d5-41f6-978c-352876ac108b'::uuid;
  delete from public.product_types where org_id = '97165bae-19d5-41f6-978c-352876ac108b'::uuid;
  delete from public.agencies where org_id = '97165bae-19d5-41f6-978c-352876ac108b'::uuid;
  
  insert into public.product_types (id, org_id, name, build_days, template_id, sort_order, is_active)
  values
    ('pt-cottage', '97165bae-19d5-41f6-978c-352876ac108b', 'Cottage', 115, 'template-cottage-115', 1, true),
    ('pt-rancher', '97165bae-19d5-41f6-978c-352876ac108b', 'Rancher', 130, 'template-rancher-130', 2, true),
    ('pt-townhome', '97165bae-19d5-41f6-978c-352876ac108b', 'Townhome', 145, 'template-townhome-145', 3, true);
  
  insert into public.plans (id, org_id, name, product_type_id, sq_ft, bedrooms, bathrooms, is_active)
  values
    ('plan-oak', '97165bae-19d5-41f6-978c-352876ac108b', 'The Oak', 'pt-cottage', 1400, 2, 2, true),
    ('plan-maple', '97165bae-19d5-41f6-978c-352876ac108b', 'The Maple', 'pt-cottage', 1600, 3, 2, true),
    ('plan-cedar', '97165bae-19d5-41f6-978c-352876ac108b', 'The Cedar', 'pt-rancher', 1800, 3, 2, true),
    ('plan-pine', '97165bae-19d5-41f6-978c-352876ac108b', 'The Pine', 'pt-rancher', 2200, 4, 3, true),
    ('plan-spruce', '97165bae-19d5-41f6-978c-352876ac108b', 'The Spruce', 'pt-townhome', 1600, 3, 2.5, true),
    ('plan-birch', '97165bae-19d5-41f6-978c-352876ac108b', 'The Birch', 'pt-townhome', 2000, 4, 3, true);
  
  insert into public.agencies (id, org_id, name, type, inspection_types, is_org_level, is_active)
  values
    ('agency-huntsville', '97165bae-19d5-41f6-978c-352876ac108b', 'City of Huntsville', 'municipality', array['PRE', 'FND', 'FRM', 'RME', 'INS', 'FIN', 'COO']::text[], true, true),
    ('agency-madison', '97165bae-19d5-41f6-978c-352876ac108b', 'City of Madison', 'municipality', array['PRE', 'FND', 'FRM', 'REL', 'RPL', 'RHV', 'INS', 'FIN', 'COO']::text[], true, true),
    ('agency-dallas', '97165bae-19d5-41f6-978c-352876ac108b', 'City of Dallas', 'municipality', array['PRE', 'FND', 'FRM', 'RME', 'INS', 'FIN', 'COO']::text[], true, true);
  
  insert into public.communities (
    id, org_id, name, address, product_type_ids, lot_count, lots_by_product_type,
    builders, realtors, inspectors, agency_ids, agencies, documents, specs, is_active
  )
  values
    ('comm-grove', '97165bae-19d5-41f6-978c-352876ac108b', 'The Grove', '{"street":"1234 Oak Valley Road","city":"Dallas","state":"TX","zip":"75001"}'::jsonb, array['pt-cottage', 'pt-rancher', 'pt-townhome']::text[], 50, '{"pt-cottage":[1,2,3,4,5,6,7,8,9,10,11,12,13,14,15],"pt-rancher":[16,17,18,19,20,21,22,23,24,25,26,27,28,29,30,31,32,33,34,35],"pt-townhome":[36,37,38,39,40,41,42,43,44,45,46,47,48,49,50]}'::jsonb, '[{"id":"builder-grove-1","name":"John Smith","phone":"555-0001","email":"john@builder.com","color":"#3B82F6","assigned_lots":[1,2,3,4,5,6,7,8,9,10,11,12,13,14,15,16,17,18,19,20,21,22,23,24,25]},{"id":"builder-grove-2","name":"Jane Doe","phone":"555-0002","email":"jane@builder.com","color":"#22C55E","assigned_lots":[26,27,28,29,30,31,32,33,34,35,36,37,38,39,40,41,42,43,44,45,46,47,48,49,50]}]'::jsonb, '[{"id":"realtor-grove-1","name":"Alicia King","phone":"555-2001","email":"alicia@hillrealty.com","company":"Hill Country Realty"},{"id":"realtor-grove-2","name":"Marcus Lee","phone":"555-2002","email":"marcus@hillrealty.com","company":"Hill Country Realty"}]'::jsonb, '[{"id":"insp-grove-1","name":"John Smith","phone":"555-333-0000","email":"inspector@dallas.gov","agency_id":"agency-dallas"}]'::jsonb, array['agency-dallas']::text[], '[]'::jsonb, '[]'::jsonb, '[{"id":"spec-grove-1","title":"Tankless Water Heaters ONLY","description":"Rinnai RU199iN preferred. No tank heaters permitted in this community.","category":"plumbing","trade_trigger":"plumbing","task_trigger":"Rough Plumbing","priority":"required","applies_to":"all","product_type_ids":[],"plan_ids":[],"documents":[],"photos":[]},{"id":"spec-grove-2","title":"EV Charger Rough-In","description":"Install conduit and panel capacity for 50A EV charger per standard detail.","category":"electrical","trade_trigger":"electrical","task_trigger":"Rough Electrical","priority":"required","applies_to":"product_type","product_type_ids":["pt-rancher","pt-townhome"],"plan_ids":[],"documents":[],"photos":[]}]'::jsonb, true),
    ('comm-ovation', '97165bae-19d5-41f6-978c-352876ac108b', 'Ovation', '{"street":"5000 Meadow Lane","city":"Dallas","state":"TX","zip":"75002"}'::jsonb, array['pt-cottage', 'pt-rancher']::text[], 30, '{"pt-cottage":[1,2,3,4,5,6,7,8,9,10,11,12],"pt-rancher":[13,14,15,16,17,18,19,20,21,22,23,24,25,26,27,28,29,30]}'::jsonb, '[{"id":"builder-ovation-1","name":"Elena Ruiz","phone":"555-0003","email":"elena@builder.com","color":"#F59E0B","assigned_lots":[1,2,3,4,5,6,7,8,9,10,11,12,13,14,15]},{"id":"builder-ovation-2","name":"Chris Park","phone":"555-0004","email":"chris@builder.com","color":"#0EA5E9","assigned_lots":[16,17,18,19,20,21,22,23,24,25,26,27,28,29,30]}]'::jsonb, '[{"id":"realtor-ovation-1","name":"Sierra Patel","phone":"555-2101","email":"sierra@northstar.com","company":"Northstar Realty"}]'::jsonb, '[{"id":"insp-ovation-1","name":"Jane Miller","phone":"555-333-1111","email":"inspector@dallas.gov","agency_id":"agency-dallas"}]'::jsonb, array['agency-dallas']::text[], '[]'::jsonb, '[]'::jsonb, '[]'::jsonb, true);
  
  insert into public.subcontractors (
    id, org_id, name, company_name, trade, secondary_trades, phone, email, office_phone,
    primary_contact, additional_contacts, insurance_expiration, license_number, w9_on_file, crew_size,
    max_concurrent_lots, is_preferred, is_backup, rating, total_jobs, on_time_pct, delay_count,
    blackout_dates, notes, status, documents, custom_fields
  )
  values
    ('sub-allsouth-appliances-1', '97165bae-19d5-41f6-978c-352876ac108b', 'Allsouth Appliances', 'Allsouth Appliances', 'appliances', '{}'::text[], '256-990-0445', 'tim@myallsouth.com', '256-990-0445', '{"name":"Tim","phone":"256-990-0445","email":"tim@myallsouth.com"}'::jsonb, '[]'::jsonb, null, null, false, null, 1, true, false, 4.5, 0, null, 0, '{}'::text[], 'Category: Appliances', 'active', '[]'::jsonb, '{}'::jsonb),
    ('sub-haley-s-1', '97165bae-19d5-41f6-978c-352876ac108b', 'Haley''s', 'Haley''s', 'flooring', '{}'::text[], '256-990-4359', 'cbarber@haleysflooring.com', '256-990-4359', '{"name":"Cody","phone":"256-990-4359","email":"cbarber@haleysflooring.com"}'::jsonb, '[]'::jsonb, null, null, false, null, 1, true, false, 4.5, 0, null, 0, '{}'::text[], 'Category: Backsplash', 'active', '[]'::jsonb, '{}'::jsonb),
    ('sub-brick-boys-1', '97165bae-19d5-41f6-978c-352876ac108b', 'Brick Boys', 'Brick Boys', 'siding', '{}'::text[], '256-653-7662', '', '256-653-7662', '{"name":"Kevin","phone":"256-653-7662","email":""}'::jsonb, '[]'::jsonb, null, null, false, null, 1, true, false, 4.5, 0, null, 0, '{}'::text[], 'Category: Brick Labor', 'active', '[]'::jsonb, '{}'::jsonb),
    ('sub-us-brick-1', '97165bae-19d5-41f6-978c-352876ac108b', 'US Brick', 'US Brick', 'siding', '{}'::text[], '256-520-7329', 'mbasso@usbrick.com', '256-520-7329', '{"name":"Matt","phone":"256-520-7329","email":"mbasso@usbrick.com"}'::jsonb, '[]'::jsonb, null, null, false, null, 1, true, false, 4.5, 0, null, 0, '{}'::text[], 'Category: Brick Supplier', 'active', '[]'::jsonb, '{}'::jsonb),
    ('sub-scs-1', '97165bae-19d5-41f6-978c-352876ac108b', 'SCS', 'SCS', 'cabinets', '{}'::text[], '256-763-4838', 'jmucci@scscabinets.com', '256-763-4838', '{"name":"Jackson","phone":"256-763-4838","email":"jmucci@scscabinets.com"}'::jsonb, '[]'::jsonb, null, null, false, null, 1, true, false, 4.5, 0, null, 0, '{}'::text[], 'Category: Cabinets', 'active', '[]'::jsonb, '{}'::jsonb),
    ('sub-irma-s-1', '97165bae-19d5-41f6-978c-352876ac108b', 'Irma''s', 'Irma''s', 'cleaning', '{}'::text[], '713-992-5015', '', '713-992-5015', '{"name":"Jorge","phone":"713-992-5015","email":""}'::jsonb, '[]'::jsonb, null, null, false, null, 1, true, false, 4.5, 0, null, 0, '{}'::text[], 'Category: Cleaner', 'active', '[]'::jsonb, '{}'::jsonb),
    ('sub-ag-construction-1', '97165bae-19d5-41f6-978c-352876ac108b', 'AG Construction', 'AG Construction', 'concrete', '{}'::text[], '470-585-0495', 'ahjorge93@gmail.com', '470-585-0495', '{"name":"Jorge","phone":"470-585-0495","email":"ahjorge93@gmail.com"}'::jsonb, '[]'::jsonb, null, null, false, null, 1, true, false, 4.5, 0, null, 0, '{}'::text[], 'Category: Concrete Labor', 'active', '[]'::jsonb, '{}'::jsonb),
    ('sub-usa-concrete-1', '97165bae-19d5-41f6-978c-352876ac108b', 'USA Concrete', 'USA Concrete', 'concrete', '{}'::text[], '205-914-7605', 'landon.best@cemex.com', '205-914-7605', '{"name":"Chase","phone":"205-914-7605","email":"landon.best@cemex.com"}'::jsonb, '[]'::jsonb, null, null, false, null, 1, true, false, 4.5, 0, null, 0, '{}'::text[], 'Category: Concrete Supplier', 'active', '[]'::jsonb, '{}'::jsonb),
    ('sub-haley-s-2', '97165bae-19d5-41f6-978c-352876ac108b', 'Haley''s', 'Haley''s', 'countertops', '{}'::text[], '256-929-0416', 'mharries@haleysflooring.com', '256-929-0416', '{"name":"Mike","phone":"256-929-0416","email":"mharries@haleysflooring.com"}'::jsonb, '[]'::jsonb, null, null, false, null, 1, true, false, 4.5, 0, null, 0, '{}'::text[], 'Category: Countertops', 'active', '[]'::jsonb, '{}'::jsonb),
    ('sub-madison-lawnscapes-1', '97165bae-19d5-41f6-978c-352876ac108b', 'Madison Lawnscapes', 'Madison Lawnscapes', 'excavation', '{}'::text[], '256-513-2827', 'hanslawns@gmail.com', '256-513-2827', '{"name":"Hans","phone":"256-513-2827","email":"hanslawns@gmail.com"}'::jsonb, '[]'::jsonb, null, null, false, null, 1, true, false, 4.5, 0, null, 0, '{}'::text[], 'Category: Dirt Work', 'active', '[]'::jsonb, '{}'::jsonb),
    ('sub-southern-brass-1', '97165bae-19d5-41f6-978c-352876ac108b', 'Southern Brass', 'Southern Brass', 'trim', '{}'::text[], '251-398-2103', 'scheduling@southernbrass.com', '251-398-2103', '{"name":"Kailie","phone":"251-398-2103","email":"scheduling@southernbrass.com"}'::jsonb, '[]'::jsonb, null, null, false, null, 1, true, false, 4.5, 0, null, 0, '{}'::text[], 'Category: Door Knobs', 'active', '[]'::jsonb, '{}'::jsonb),
    ('sub-lara-construction-and-painting-1', '97165bae-19d5-41f6-978c-352876ac108b', 'Lara Construction and Painting', 'Lara Construction and Painting', 'drywall', array['paint']::text[], '256-924-9297', 'nacholara8@icloud.com', '256-924-9297', '{"name":"Miguel","phone":"256-924-9297","email":"nacholara8@icloud.com"}'::jsonb, '[]'::jsonb, null, null, false, null, 1, true, false, 4.5, 0, null, 0, '{}'::text[], 'Category: Drywall / Painter', 'active', '[]'::jsonb, '{}'::jsonb),
    ('sub-halcon-1', '97165bae-19d5-41f6-978c-352876ac108b', 'Halcon', 'Halcon', 'electrical', '{}'::text[], '256-426-5027', 'halconelectricinc@gmail.com', '256-426-5027', '{"name":"Tim","phone":"256-426-5027","email":"halconelectricinc@gmail.com"}'::jsonb, '[]'::jsonb, null, null, false, null, 1, true, false, 4.5, 0, null, 0, '{}'::text[], 'Category: Electrician', 'active', '[]'::jsonb, '{}'::jsonb),
    ('sub-mullins-1', '97165bae-19d5-41f6-978c-352876ac108b', 'Mullins', 'Mullins', 'other', '{}'::text[], '256-509-0192', 'monty@mullinsllc.net', '256-509-0192', '{"name":"Monty","phone":"256-509-0192","email":"monty@mullinsllc.net"}'::jsonb, '[]'::jsonb, null, null, false, null, 1, true, false, 4.5, 0, null, 0, '{}'::text[], 'Category: Engineer', 'active', '[]'::jsonb, '{}'::jsonb),
    ('sub-haley-s-3', '97165bae-19d5-41f6-978c-352876ac108b', 'Haley''s', 'Haley''s', 'flooring', '{}'::text[], '256-990-4359', 'cbarber@haleysflooring.com', '256-990-4359', '{"name":"Cody","phone":"256-990-4359","email":"cbarber@haleysflooring.com"}'::jsonb, '[]'::jsonb, null, null, false, null, 1, true, false, 4.5, 0, null, 0, '{}'::text[], 'Category: Flooring / Tile', 'active', '[]'::jsonb, '{}'::jsonb),
    ('sub-rocket-city-framing-1', '97165bae-19d5-41f6-978c-352876ac108b', 'Rocket City Framing', 'Rocket City Framing', 'framing', '{}'::text[], '256-937-8084', '', '256-937-8084', '{"name":"Shorty","phone":"256-937-8084","email":""}'::jsonb, '[]'::jsonb, null, null, false, null, 1, true, false, 4.5, 0, null, 0, '{}'::text[], 'Category: Framing Labor', 'active', '[]'::jsonb, '{}'::jsonb),
    ('sub-bfs-1', '97165bae-19d5-41f6-978c-352876ac108b', 'BFS', 'BFS', 'framing', array['windows', 'trim']::text[], '205-270-3271', 'brandon.sanford@bldr.com', '205-270-3271', '{"name":"Brandon","phone":"205-270-3271","email":"brandon.sanford@bldr.com"}'::jsonb, '[]'::jsonb, null, null, false, null, 1, true, false, 4.5, 0, null, 0, '{}'::text[], 'Category: Framing/Window/Doors/Trim', 'active', '[]'::jsonb, '{}'::jsonb),
    ('sub-wilson-garage-door-1', '97165bae-19d5-41f6-978c-352876ac108b', 'Wilson Garage Door', 'Wilson Garage Door', 'garage_door', '{}'::text[], '256-755-0338', 'mattwilson@wilsongaragedoor.com', '256-755-0338', '{"name":"Matt","phone":"256-755-0338","email":"mattwilson@wilsongaragedoor.com"}'::jsonb, '[]'::jsonb, null, null, false, null, 1, true, false, 4.5, 0, null, 0, '{}'::text[], 'Category: Garage Doors', 'active', '[]'::jsonb, '{}'::jsonb),
    ('sub-bama-gas-1', '97165bae-19d5-41f6-978c-352876ac108b', 'Bama Gas', 'Bama Gas', 'plumbing', '{}'::text[], '256-309-4797', 'bamagasllc@gmail.com', '256-309-4797', '{"name":"Brandon","phone":"256-309-4797","email":"bamagasllc@gmail.com"}'::jsonb, '[]'::jsonb, null, null, false, null, 1, true, false, 4.5, 0, null, 0, '{}'::text[], 'Category: Gas', 'active', '[]'::jsonb, '{}'::jsonb),
    ('sub-cbc-1', '97165bae-19d5-41f6-978c-352876ac108b', 'CBC', 'CBC', 'concrete', '{}'::text[], '256-278-6150', '', '256-278-6150', '{"name":"Darren","phone":"256-278-6150","email":""}'::jsonb, '[]'::jsonb, null, null, false, null, 1, true, false, 4.5, 0, null, 0, '{}'::text[], 'Category: Gravel Slinger', 'active', '[]'::jsonb, '{}'::jsonb),
    ('sub-grayson-carter-and-sons-1', '97165bae-19d5-41f6-978c-352876ac108b', 'Grayson Carter and Sons', 'Grayson Carter and Sons', 'concrete', '{}'::text[], '256-710-6278', 'bthomas@graysoncarterandson.com', '256-710-6278', '{"name":"Bailey","phone":"256-710-6278","email":"bthomas@graysoncarterandson.com"}'::jsonb, '[]'::jsonb, null, null, false, null, 1, true, false, 4.5, 0, null, 0, '{}'::text[], 'Category: Gravel Supplier', 'active', '[]'::jsonb, '{}'::jsonb),
    ('sub-valley-exteriors-1', '97165bae-19d5-41f6-978c-352876ac108b', 'Valley Exteriors', 'Valley Exteriors', 'gutters', '{}'::text[], '256-797-6281', 'ready@valleyext.com', '256-797-6281', '{"name":"Bubba","phone":"256-797-6281","email":"ready@valleyext.com"}'::jsonb, '[]'::jsonb, null, null, false, null, 1, true, false, 4.5, 0, null, 0, '{}'::text[], 'Category: Gutters', 'active', '[]'::jsonb, '{}'::jsonb),
    ('sub-richard-s-electric-1', '97165bae-19d5-41f6-978c-352876ac108b', 'Richard''s Electric', 'Richard''s Electric', 'hvac', '{}'::text[], '256-595-8477', 'harperjoshua256@gmail.com', '256-595-8477', '{"name":"Josh","phone":"256-595-8477","email":"harperjoshua256@gmail.com"}'::jsonb, '[]'::jsonb, null, null, false, null, 1, true, false, 4.5, 0, null, 0, '{}'::text[], 'Category: HVAC', 'active', '[]'::jsonb, '{}'::jsonb),
    ('sub-ibp-1', '97165bae-19d5-41f6-978c-352876ac108b', 'IBP', 'IBP', 'insulation', array['plumbing', 'trim']::text[], '256-457-5549', 'jim.harmeier@installed.net', '256-457-5549', '{"name":"Jim","phone":"256-457-5549","email":"jim.harmeier@installed.net"}'::jsonb, '[]'::jsonb, null, null, false, null, 1, true, false, 4.5, 0, null, 0, '{}'::text[], 'Category: Insulation/Bath Hardware/Blinds/Wire Shelving', 'active', '[]'::jsonb, '{}'::jsonb),
    ('sub-greg-parker-1', '97165bae-19d5-41f6-978c-352876ac108b', 'Greg Parker', 'Greg Parker', 'landscaping', '{}'::text[], '256-348-9074', '', '256-348-9074', '{"name":"Greg","phone":"256-348-9074","email":""}'::jsonb, '[]'::jsonb, null, null, false, null, 1, true, false, 4.5, 0, null, 0, '{}'::text[], 'Category: Landscaper', 'active', '[]'::jsonb, '{}'::jsonb),
    ('sub-mews-1', '97165bae-19d5-41f6-978c-352876ac108b', 'MEWS', 'MEWS', 'electrical', '{}'::text[], '256-777-9482', 'robyn@mews1.com', '256-777-9482', '{"name":"Robyn","phone":"256-777-9482","email":"robyn@mews1.com"}'::jsonb, '[]'::jsonb, null, null, false, null, 1, true, false, 4.5, 0, null, 0, '{}'::text[], 'Category: Lighting', 'active', '[]'::jsonb, '{}'::jsonb),
    ('sub-halo-1', '97165bae-19d5-41f6-978c-352876ac108b', 'Halo', 'Halo', 'electrical', '{}'::text[], '256-714-7088', 'contact@protectedbyhalo.com', '256-714-7088', '{"name":"Blaze","phone":"256-714-7088","email":"contact@protectedbyhalo.com"}'::jsonb, '[]'::jsonb, null, null, false, null, 1, true, false, 4.5, 0, null, 0, '{}'::text[], 'Category: Low Volt / Security', 'active', '[]'::jsonb, '{}'::jsonb),
    ('sub-chorus-1', '97165bae-19d5-41f6-978c-352876ac108b', 'Chorus', 'Chorus', 'other', '{}'::text[], '904-415-3604', 'closingsHSV@callchorus.com', '904-415-3604', '{"name":"Melanie","phone":"904-415-3604","email":"closingsHSV@callchorus.com"}'::jsonb, '[]'::jsonb, null, null, false, null, 1, true, false, 4.5, 0, null, 0, '{}'::text[], 'Category: Pest Control', 'active', '[]'::jsonb, '{}'::jsonb),
    ('sub-huntsville-plumbing-1', '97165bae-19d5-41f6-978c-352876ac108b', 'Huntsville Plumbing', 'Huntsville Plumbing', 'plumbing', '{}'::text[], '256-261-5462', 'huntsvilleplumbing@gmail.com', '256-261-5462', '{"name":"Jason","phone":"256-261-5462","email":"huntsvilleplumbing@gmail.com"}'::jsonb, '[]'::jsonb, null, null, false, null, 1, true, false, 4.5, 0, null, 0, '{}'::text[], 'Category: Plumber', 'active', '[]'::jsonb, '{}'::jsonb),
    ('sub-wild-west-construction-1', '97165bae-19d5-41f6-978c-352876ac108b', 'Wild West Construction', 'Wild West Construction', 'roofing', '{}'::text[], '256-746-6618', '', '256-746-6618', '{"name":"Hector","phone":"256-746-6618","email":""}'::jsonb, '[]'::jsonb, null, null, false, null, 1, true, false, 4.5, 0, null, 0, '{}'::text[], 'Category: Roofing labor', 'active', '[]'::jsonb, '{}'::jsonb),
    ('sub-abc-1', '97165bae-19d5-41f6-978c-352876ac108b', 'ABC', 'ABC', 'roofing', '{}'::text[], '256-990-5922', 'kegan.masters@abcsupply.com', '256-990-5922', '{"name":"Kegan","phone":"256-990-5922","email":"kegan.masters@abcsupply.com"}'::jsonb, '[]'::jsonb, null, null, false, null, 1, true, false, 4.5, 0, null, 0, '{}'::text[], 'Category: Roofing supplier', 'active', '[]'::jsonb, '{}'::jsonb),
    ('sub-l-w-1', '97165bae-19d5-41f6-978c-352876ac108b', 'L&W', 'L&W', 'drywall', '{}'::text[], '256-783-0200', 'sheldon.layman@lwsupply', '256-783-0200', '{"name":"Sheldon","phone":"256-783-0200","email":"sheldon.layman@lwsupply"}'::jsonb, '[]'::jsonb, null, null, false, null, 1, true, false, 4.5, 0, null, 0, '{}'::text[], 'Category: Sheetrock Supplier', 'active', '[]'::jsonb, '{}'::jsonb),
    ('sub-tft-1', '97165bae-19d5-41f6-978c-352876ac108b', 'TFT', 'TFT', 'trim', '{}'::text[], '931-227-6354', 'truefittrim@gmail.com', '931-227-6354', '{"name":"Tyler","phone":"931-227-6354","email":"truefittrim@gmail.com"}'::jsonb, '[]'::jsonb, null, null, false, null, 1, true, false, 4.5, 0, null, 0, '{}'::text[], 'Category: Trim Labor', 'active', '[]'::jsonb, '{}'::jsonb),
    ('sub-titan-exteriors-1', '97165bae-19d5-41f6-978c-352876ac108b', 'Titan Exteriors', 'Titan Exteriors', 'siding', '{}'::text[], '256-274-7229', 'chris.titanexteriors@gmail.com', '256-274-7229', '{"name":"Chris","phone":"256-274-7229","email":"chris.titanexteriors@gmail.com"}'::jsonb, '[]'::jsonb, null, null, false, null, 1, true, false, 4.5, 0, null, 0, '{}'::text[], 'Category: Vinyl / Hardie Siding', 'active', '[]'::jsonb, '{}'::jsonb);
  
  insert into public.lots (
    id, org_id, community_id, block, lot_number, product_type_id, plan_id, builder_id,
    address, job_number, permit_number, model_type, status, start_date, hard_deadline,
    build_days, target_completion_date, actual_completion_date, sold_status, sold_date,
    custom_fields, inspections, punch_list, daily_logs, change_orders, material_orders, documents, photos
  )
  values
    ('comm-grove-1', '97165bae-19d5-41f6-978c-352876ac108b', 'comm-grove', '', '1', 'pt-cottage', null, 'builder-grove-1', '', '', null, '', 'not_started', null, null, 115, null, null, 'available', null, '{}'::jsonb, '[]'::jsonb, null, '[]'::jsonb, '[]'::jsonb, '[]'::jsonb, '[]'::jsonb, '[]'::jsonb),
    ('comm-grove-2', '97165bae-19d5-41f6-978c-352876ac108b', 'comm-grove', '', '2', 'pt-cottage', null, 'builder-grove-1', '', '', null, '', 'not_started', null, null, 115, null, null, 'available', null, '{}'::jsonb, '[]'::jsonb, null, '[]'::jsonb, '[]'::jsonb, '[]'::jsonb, '[]'::jsonb, '[]'::jsonb),
    ('comm-grove-3', '97165bae-19d5-41f6-978c-352876ac108b', 'comm-grove', '', '3', 'pt-cottage', null, 'builder-grove-1', '', '', null, '', 'not_started', null, null, 115, null, null, 'available', null, '{}'::jsonb, '[]'::jsonb, null, '[]'::jsonb, '[]'::jsonb, '[]'::jsonb, '[]'::jsonb, '[]'::jsonb),
    ('comm-grove-4', '97165bae-19d5-41f6-978c-352876ac108b', 'comm-grove', '', '4', 'pt-cottage', null, 'builder-grove-1', '', '', null, '', 'not_started', null, null, 115, null, null, 'available', null, '{}'::jsonb, '[]'::jsonb, null, '[]'::jsonb, '[]'::jsonb, '[]'::jsonb, '[]'::jsonb, '[]'::jsonb),
    ('comm-grove-5', '97165bae-19d5-41f6-978c-352876ac108b', 'comm-grove', '', '5', 'pt-cottage', null, 'builder-grove-1', '', '', null, '', 'not_started', null, null, 115, null, null, 'available', null, '{}'::jsonb, '[]'::jsonb, null, '[]'::jsonb, '[]'::jsonb, '[]'::jsonb, '[]'::jsonb, '[]'::jsonb),
    ('comm-grove-6', '97165bae-19d5-41f6-978c-352876ac108b', 'comm-grove', '', '6', 'pt-cottage', null, 'builder-grove-1', '', '', null, '', 'not_started', null, null, 115, null, null, 'available', null, '{}'::jsonb, '[]'::jsonb, null, '[]'::jsonb, '[]'::jsonb, '[]'::jsonb, '[]'::jsonb, '[]'::jsonb),
    ('comm-grove-7', '97165bae-19d5-41f6-978c-352876ac108b', 'comm-grove', '', '7', 'pt-cottage', null, 'builder-grove-1', '', '', null, '', 'not_started', null, null, 115, null, null, 'available', null, '{}'::jsonb, '[]'::jsonb, null, '[]'::jsonb, '[]'::jsonb, '[]'::jsonb, '[]'::jsonb, '[]'::jsonb),
    ('comm-grove-8', '97165bae-19d5-41f6-978c-352876ac108b', 'comm-grove', '', '8', 'pt-cottage', null, 'builder-grove-1', '', '', null, '', 'not_started', null, null, 115, null, null, 'available', null, '{}'::jsonb, '[]'::jsonb, null, '[]'::jsonb, '[]'::jsonb, '[]'::jsonb, '[]'::jsonb, '[]'::jsonb),
    ('comm-grove-9', '97165bae-19d5-41f6-978c-352876ac108b', 'comm-grove', '', '9', 'pt-cottage', null, 'builder-grove-1', '', '', null, '', 'not_started', null, null, 115, null, null, 'available', null, '{}'::jsonb, '[]'::jsonb, null, '[]'::jsonb, '[]'::jsonb, '[]'::jsonb, '[]'::jsonb, '[]'::jsonb),
    ('comm-grove-10', '97165bae-19d5-41f6-978c-352876ac108b', 'comm-grove', '', '10', 'pt-cottage', null, 'builder-grove-1', '', '', null, '', 'not_started', null, null, 115, null, null, 'available', null, '{}'::jsonb, '[]'::jsonb, null, '[]'::jsonb, '[]'::jsonb, '[]'::jsonb, '[]'::jsonb, '[]'::jsonb),
    ('comm-grove-11', '97165bae-19d5-41f6-978c-352876ac108b', 'comm-grove', '', '11', 'pt-cottage', null, 'builder-grove-1', '', '', null, '', 'not_started', null, null, 115, null, null, 'available', null, '{}'::jsonb, '[]'::jsonb, null, '[]'::jsonb, '[]'::jsonb, '[]'::jsonb, '[]'::jsonb, '[]'::jsonb),
    ('comm-grove-12', '97165bae-19d5-41f6-978c-352876ac108b', 'comm-grove', '', '12', 'pt-cottage', null, 'builder-grove-1', '', '', null, '', 'not_started', null, null, 115, null, null, 'available', null, '{}'::jsonb, '[]'::jsonb, null, '[]'::jsonb, '[]'::jsonb, '[]'::jsonb, '[]'::jsonb, '[]'::jsonb),
    ('comm-grove-13', '97165bae-19d5-41f6-978c-352876ac108b', 'comm-grove', '', '13', 'pt-cottage', null, 'builder-grove-1', '', '', null, '', 'not_started', null, null, 115, null, null, 'available', null, '{}'::jsonb, '[]'::jsonb, null, '[]'::jsonb, '[]'::jsonb, '[]'::jsonb, '[]'::jsonb, '[]'::jsonb),
    ('comm-grove-14', '97165bae-19d5-41f6-978c-352876ac108b', 'comm-grove', '', '14', 'pt-cottage', null, 'builder-grove-1', '', '', null, '', 'not_started', null, null, 115, null, null, 'available', null, '{}'::jsonb, '[]'::jsonb, null, '[]'::jsonb, '[]'::jsonb, '[]'::jsonb, '[]'::jsonb, '[]'::jsonb),
    ('comm-grove-15', '97165bae-19d5-41f6-978c-352876ac108b', 'comm-grove', '', '15', 'pt-cottage', null, 'builder-grove-1', '', '', null, '', 'not_started', null, null, 115, null, null, 'available', null, '{}'::jsonb, '[]'::jsonb, null, '[]'::jsonb, '[]'::jsonb, '[]'::jsonb, '[]'::jsonb, '[]'::jsonb),
    ('comm-grove-16', '97165bae-19d5-41f6-978c-352876ac108b', 'comm-grove', '', '16', 'pt-rancher', null, 'builder-grove-1', '', '', null, '', 'not_started', null, null, 130, null, null, 'available', null, '{}'::jsonb, '[]'::jsonb, null, '[]'::jsonb, '[]'::jsonb, '[]'::jsonb, '[]'::jsonb, '[]'::jsonb),
    ('comm-grove-17', '97165bae-19d5-41f6-978c-352876ac108b', 'comm-grove', '', '17', 'pt-rancher', null, 'builder-grove-1', '', '', null, '', 'not_started', null, null, 130, null, null, 'available', null, '{}'::jsonb, '[]'::jsonb, null, '[]'::jsonb, '[]'::jsonb, '[]'::jsonb, '[]'::jsonb, '[]'::jsonb),
    ('comm-grove-18', '97165bae-19d5-41f6-978c-352876ac108b', 'comm-grove', '', '18', 'pt-rancher', null, 'builder-grove-1', '', '', null, '', 'not_started', null, null, 130, null, null, 'available', null, '{}'::jsonb, '[]'::jsonb, null, '[]'::jsonb, '[]'::jsonb, '[]'::jsonb, '[]'::jsonb, '[]'::jsonb),
    ('comm-grove-19', '97165bae-19d5-41f6-978c-352876ac108b', 'comm-grove', '', '19', 'pt-rancher', null, 'builder-grove-1', '', '', null, '', 'not_started', null, null, 130, null, null, 'available', null, '{}'::jsonb, '[]'::jsonb, null, '[]'::jsonb, '[]'::jsonb, '[]'::jsonb, '[]'::jsonb, '[]'::jsonb),
    ('comm-grove-20', '97165bae-19d5-41f6-978c-352876ac108b', 'comm-grove', '', '20', 'pt-rancher', null, 'builder-grove-1', '', '', null, '', 'not_started', null, null, 130, null, null, 'available', null, '{}'::jsonb, '[]'::jsonb, null, '[]'::jsonb, '[]'::jsonb, '[]'::jsonb, '[]'::jsonb, '[]'::jsonb),
    ('comm-grove-21', '97165bae-19d5-41f6-978c-352876ac108b', 'comm-grove', '', '21', 'pt-rancher', null, 'builder-grove-1', '', '', null, '', 'not_started', null, null, 130, null, null, 'available', null, '{}'::jsonb, '[]'::jsonb, null, '[]'::jsonb, '[]'::jsonb, '[]'::jsonb, '[]'::jsonb, '[]'::jsonb),
    ('comm-grove-22', '97165bae-19d5-41f6-978c-352876ac108b', 'comm-grove', '', '22', 'pt-rancher', null, 'builder-grove-1', '', '', null, '', 'not_started', null, null, 130, null, null, 'available', null, '{}'::jsonb, '[]'::jsonb, null, '[]'::jsonb, '[]'::jsonb, '[]'::jsonb, '[]'::jsonb, '[]'::jsonb),
    ('comm-grove-23', '97165bae-19d5-41f6-978c-352876ac108b', 'comm-grove', '', '23', 'pt-rancher', null, 'builder-grove-1', '', '', null, '', 'not_started', null, null, 130, null, null, 'available', null, '{}'::jsonb, '[]'::jsonb, null, '[]'::jsonb, '[]'::jsonb, '[]'::jsonb, '[]'::jsonb, '[]'::jsonb),
    ('comm-grove-24', '97165bae-19d5-41f6-978c-352876ac108b', 'comm-grove', '', '24', 'pt-rancher', null, 'builder-grove-1', '', '', null, '', 'not_started', null, null, 130, null, null, 'available', null, '{}'::jsonb, '[]'::jsonb, null, '[]'::jsonb, '[]'::jsonb, '[]'::jsonb, '[]'::jsonb, '[]'::jsonb),
    ('comm-grove-25', '97165bae-19d5-41f6-978c-352876ac108b', 'comm-grove', '', '25', 'pt-rancher', null, 'builder-grove-1', '', '', null, '', 'not_started', null, null, 130, null, null, 'available', null, '{}'::jsonb, '[]'::jsonb, null, '[]'::jsonb, '[]'::jsonb, '[]'::jsonb, '[]'::jsonb, '[]'::jsonb),
    ('comm-grove-26', '97165bae-19d5-41f6-978c-352876ac108b', 'comm-grove', '', '26', 'pt-rancher', null, 'builder-grove-2', '', '', null, '', 'not_started', null, null, 130, null, null, 'available', null, '{}'::jsonb, '[]'::jsonb, null, '[]'::jsonb, '[]'::jsonb, '[]'::jsonb, '[]'::jsonb, '[]'::jsonb),
    ('comm-grove-27', '97165bae-19d5-41f6-978c-352876ac108b', 'comm-grove', '', '27', 'pt-rancher', null, 'builder-grove-2', '', '', null, '', 'not_started', null, null, 130, null, null, 'available', null, '{}'::jsonb, '[]'::jsonb, null, '[]'::jsonb, '[]'::jsonb, '[]'::jsonb, '[]'::jsonb, '[]'::jsonb),
    ('comm-grove-28', '97165bae-19d5-41f6-978c-352876ac108b', 'comm-grove', '', '28', 'pt-rancher', null, 'builder-grove-2', '', '', null, '', 'not_started', null, null, 130, null, null, 'available', null, '{}'::jsonb, '[]'::jsonb, null, '[]'::jsonb, '[]'::jsonb, '[]'::jsonb, '[]'::jsonb, '[]'::jsonb),
    ('comm-grove-29', '97165bae-19d5-41f6-978c-352876ac108b', 'comm-grove', '', '29', 'pt-rancher', null, 'builder-grove-2', '', '', null, '', 'not_started', null, null, 130, null, null, 'available', null, '{}'::jsonb, '[]'::jsonb, null, '[]'::jsonb, '[]'::jsonb, '[]'::jsonb, '[]'::jsonb, '[]'::jsonb),
    ('comm-grove-30', '97165bae-19d5-41f6-978c-352876ac108b', 'comm-grove', '', '30', 'pt-rancher', null, 'builder-grove-2', '', '', null, '', 'not_started', null, null, 130, null, null, 'available', null, '{}'::jsonb, '[]'::jsonb, null, '[]'::jsonb, '[]'::jsonb, '[]'::jsonb, '[]'::jsonb, '[]'::jsonb),
    ('comm-grove-31', '97165bae-19d5-41f6-978c-352876ac108b', 'comm-grove', '', '31', 'pt-rancher', null, 'builder-grove-2', '', '', null, '', 'not_started', null, null, 130, null, null, 'available', null, '{}'::jsonb, '[]'::jsonb, null, '[]'::jsonb, '[]'::jsonb, '[]'::jsonb, '[]'::jsonb, '[]'::jsonb),
    ('comm-grove-32', '97165bae-19d5-41f6-978c-352876ac108b', 'comm-grove', '', '32', 'pt-rancher', null, 'builder-grove-2', '', '', null, '', 'not_started', null, null, 130, null, null, 'available', null, '{}'::jsonb, '[]'::jsonb, null, '[]'::jsonb, '[]'::jsonb, '[]'::jsonb, '[]'::jsonb, '[]'::jsonb),
    ('comm-grove-33', '97165bae-19d5-41f6-978c-352876ac108b', 'comm-grove', '', '33', 'pt-rancher', null, 'builder-grove-2', '', '', null, '', 'not_started', null, null, 130, null, null, 'available', null, '{}'::jsonb, '[]'::jsonb, null, '[]'::jsonb, '[]'::jsonb, '[]'::jsonb, '[]'::jsonb, '[]'::jsonb),
    ('comm-grove-34', '97165bae-19d5-41f6-978c-352876ac108b', 'comm-grove', '', '34', 'pt-rancher', null, 'builder-grove-2', '', '', null, '', 'not_started', null, null, 130, null, null, 'available', null, '{}'::jsonb, '[]'::jsonb, null, '[]'::jsonb, '[]'::jsonb, '[]'::jsonb, '[]'::jsonb, '[]'::jsonb),
    ('comm-grove-35', '97165bae-19d5-41f6-978c-352876ac108b', 'comm-grove', '', '35', 'pt-rancher', null, 'builder-grove-2', '', '', null, '', 'not_started', null, null, 130, null, null, 'available', null, '{}'::jsonb, '[]'::jsonb, null, '[]'::jsonb, '[]'::jsonb, '[]'::jsonb, '[]'::jsonb, '[]'::jsonb),
    ('comm-grove-36', '97165bae-19d5-41f6-978c-352876ac108b', 'comm-grove', '', '36', 'pt-townhome', null, 'builder-grove-2', '', '', null, '', 'not_started', null, null, 145, null, null, 'available', null, '{}'::jsonb, '[]'::jsonb, null, '[]'::jsonb, '[]'::jsonb, '[]'::jsonb, '[]'::jsonb, '[]'::jsonb),
    ('comm-grove-37', '97165bae-19d5-41f6-978c-352876ac108b', 'comm-grove', '', '37', 'pt-townhome', null, 'builder-grove-2', '', '', null, '', 'not_started', null, null, 145, null, null, 'available', null, '{}'::jsonb, '[]'::jsonb, null, '[]'::jsonb, '[]'::jsonb, '[]'::jsonb, '[]'::jsonb, '[]'::jsonb),
    ('comm-grove-38', '97165bae-19d5-41f6-978c-352876ac108b', 'comm-grove', '', '38', 'pt-townhome', null, 'builder-grove-2', '', '', null, '', 'not_started', null, null, 145, null, null, 'available', null, '{}'::jsonb, '[]'::jsonb, null, '[]'::jsonb, '[]'::jsonb, '[]'::jsonb, '[]'::jsonb, '[]'::jsonb),
    ('comm-grove-39', '97165bae-19d5-41f6-978c-352876ac108b', 'comm-grove', '', '39', 'pt-townhome', null, 'builder-grove-2', '', '', null, '', 'not_started', null, null, 145, null, null, 'available', null, '{}'::jsonb, '[]'::jsonb, null, '[]'::jsonb, '[]'::jsonb, '[]'::jsonb, '[]'::jsonb, '[]'::jsonb),
    ('comm-grove-40', '97165bae-19d5-41f6-978c-352876ac108b', 'comm-grove', '', '40', 'pt-townhome', null, 'builder-grove-2', '', '', null, '', 'not_started', null, null, 145, null, null, 'available', null, '{}'::jsonb, '[]'::jsonb, null, '[]'::jsonb, '[]'::jsonb, '[]'::jsonb, '[]'::jsonb, '[]'::jsonb),
    ('comm-grove-41', '97165bae-19d5-41f6-978c-352876ac108b', 'comm-grove', '', '41', 'pt-townhome', null, 'builder-grove-2', '', '', null, '', 'not_started', null, null, 145, null, null, 'available', null, '{}'::jsonb, '[]'::jsonb, null, '[]'::jsonb, '[]'::jsonb, '[]'::jsonb, '[]'::jsonb, '[]'::jsonb),
    ('comm-grove-42', '97165bae-19d5-41f6-978c-352876ac108b', 'comm-grove', '', '42', 'pt-townhome', null, 'builder-grove-2', '', '', null, '', 'not_started', null, null, 145, null, null, 'available', null, '{}'::jsonb, '[]'::jsonb, null, '[]'::jsonb, '[]'::jsonb, '[]'::jsonb, '[]'::jsonb, '[]'::jsonb),
    ('comm-grove-43', '97165bae-19d5-41f6-978c-352876ac108b', 'comm-grove', '', '43', 'pt-townhome', null, 'builder-grove-2', '', '', null, '', 'not_started', null, null, 145, null, null, 'available', null, '{}'::jsonb, '[]'::jsonb, null, '[]'::jsonb, '[]'::jsonb, '[]'::jsonb, '[]'::jsonb, '[]'::jsonb),
    ('comm-grove-44', '97165bae-19d5-41f6-978c-352876ac108b', 'comm-grove', '', '44', 'pt-townhome', null, 'builder-grove-2', '', '', null, '', 'not_started', null, null, 145, null, null, 'available', null, '{}'::jsonb, '[]'::jsonb, null, '[]'::jsonb, '[]'::jsonb, '[]'::jsonb, '[]'::jsonb, '[]'::jsonb),
    ('comm-grove-45', '97165bae-19d5-41f6-978c-352876ac108b', 'comm-grove', '', '45', 'pt-townhome', null, 'builder-grove-2', '', '', null, '', 'not_started', null, null, 145, null, null, 'available', null, '{}'::jsonb, '[]'::jsonb, null, '[]'::jsonb, '[]'::jsonb, '[]'::jsonb, '[]'::jsonb, '[]'::jsonb),
    ('comm-grove-46', '97165bae-19d5-41f6-978c-352876ac108b', 'comm-grove', '', '46', 'pt-townhome', null, 'builder-grove-2', '', '', null, '', 'not_started', null, null, 145, null, null, 'available', null, '{}'::jsonb, '[]'::jsonb, null, '[]'::jsonb, '[]'::jsonb, '[]'::jsonb, '[]'::jsonb, '[]'::jsonb),
    ('comm-grove-47', '97165bae-19d5-41f6-978c-352876ac108b', 'comm-grove', '', '47', 'pt-townhome', null, 'builder-grove-2', '', '', null, '', 'not_started', null, null, 145, null, null, 'available', null, '{}'::jsonb, '[]'::jsonb, null, '[]'::jsonb, '[]'::jsonb, '[]'::jsonb, '[]'::jsonb, '[]'::jsonb),
    ('comm-grove-48', '97165bae-19d5-41f6-978c-352876ac108b', 'comm-grove', '', '48', 'pt-townhome', null, 'builder-grove-2', '', '', null, '', 'not_started', null, null, 145, null, null, 'available', null, '{}'::jsonb, '[]'::jsonb, null, '[]'::jsonb, '[]'::jsonb, '[]'::jsonb, '[]'::jsonb, '[]'::jsonb),
    ('comm-grove-49', '97165bae-19d5-41f6-978c-352876ac108b', 'comm-grove', '', '49', 'pt-townhome', null, 'builder-grove-2', '', '', null, '', 'not_started', null, null, 145, null, null, 'available', null, '{}'::jsonb, '[]'::jsonb, null, '[]'::jsonb, '[]'::jsonb, '[]'::jsonb, '[]'::jsonb, '[]'::jsonb),
    ('comm-grove-50', '97165bae-19d5-41f6-978c-352876ac108b', 'comm-grove', '', '50', 'pt-townhome', null, 'builder-grove-2', '', '', null, '', 'not_started', null, null, 145, null, null, 'available', null, '{}'::jsonb, '[]'::jsonb, null, '[]'::jsonb, '[]'::jsonb, '[]'::jsonb, '[]'::jsonb, '[]'::jsonb),
    ('comm-ovation-1', '97165bae-19d5-41f6-978c-352876ac108b', 'comm-ovation', '', '1', 'pt-cottage', null, 'builder-ovation-1', '', '', null, '', 'not_started', null, null, 115, null, null, 'available', null, '{}'::jsonb, '[]'::jsonb, null, '[]'::jsonb, '[]'::jsonb, '[]'::jsonb, '[]'::jsonb, '[]'::jsonb),
    ('comm-ovation-2', '97165bae-19d5-41f6-978c-352876ac108b', 'comm-ovation', '', '2', 'pt-cottage', null, 'builder-ovation-1', '', '', null, '', 'not_started', null, null, 115, null, null, 'available', null, '{}'::jsonb, '[]'::jsonb, null, '[]'::jsonb, '[]'::jsonb, '[]'::jsonb, '[]'::jsonb, '[]'::jsonb),
    ('comm-ovation-3', '97165bae-19d5-41f6-978c-352876ac108b', 'comm-ovation', '', '3', 'pt-cottage', null, 'builder-ovation-1', '', '', null, '', 'not_started', null, null, 115, null, null, 'available', null, '{}'::jsonb, '[]'::jsonb, null, '[]'::jsonb, '[]'::jsonb, '[]'::jsonb, '[]'::jsonb, '[]'::jsonb),
    ('comm-ovation-4', '97165bae-19d5-41f6-978c-352876ac108b', 'comm-ovation', '', '4', 'pt-cottage', null, 'builder-ovation-1', '', '', null, '', 'not_started', null, null, 115, null, null, 'available', null, '{}'::jsonb, '[]'::jsonb, null, '[]'::jsonb, '[]'::jsonb, '[]'::jsonb, '[]'::jsonb, '[]'::jsonb),
    ('comm-ovation-5', '97165bae-19d5-41f6-978c-352876ac108b', 'comm-ovation', '', '5', 'pt-cottage', null, 'builder-ovation-1', '', '', null, '', 'not_started', null, null, 115, null, null, 'available', null, '{}'::jsonb, '[]'::jsonb, null, '[]'::jsonb, '[]'::jsonb, '[]'::jsonb, '[]'::jsonb, '[]'::jsonb),
    ('comm-ovation-6', '97165bae-19d5-41f6-978c-352876ac108b', 'comm-ovation', '', '6', 'pt-cottage', null, 'builder-ovation-1', '', '', null, '', 'not_started', null, null, 115, null, null, 'available', null, '{}'::jsonb, '[]'::jsonb, null, '[]'::jsonb, '[]'::jsonb, '[]'::jsonb, '[]'::jsonb, '[]'::jsonb),
    ('comm-ovation-7', '97165bae-19d5-41f6-978c-352876ac108b', 'comm-ovation', '', '7', 'pt-cottage', null, 'builder-ovation-1', '', '', null, '', 'not_started', null, null, 115, null, null, 'available', null, '{}'::jsonb, '[]'::jsonb, null, '[]'::jsonb, '[]'::jsonb, '[]'::jsonb, '[]'::jsonb, '[]'::jsonb),
    ('comm-ovation-8', '97165bae-19d5-41f6-978c-352876ac108b', 'comm-ovation', '', '8', 'pt-cottage', null, 'builder-ovation-1', '', '', null, '', 'not_started', null, null, 115, null, null, 'available', null, '{}'::jsonb, '[]'::jsonb, null, '[]'::jsonb, '[]'::jsonb, '[]'::jsonb, '[]'::jsonb, '[]'::jsonb),
    ('comm-ovation-9', '97165bae-19d5-41f6-978c-352876ac108b', 'comm-ovation', '', '9', 'pt-cottage', null, 'builder-ovation-1', '', '', null, '', 'not_started', null, null, 115, null, null, 'available', null, '{}'::jsonb, '[]'::jsonb, null, '[]'::jsonb, '[]'::jsonb, '[]'::jsonb, '[]'::jsonb, '[]'::jsonb),
    ('comm-ovation-10', '97165bae-19d5-41f6-978c-352876ac108b', 'comm-ovation', '', '10', 'pt-cottage', null, 'builder-ovation-1', '', '', null, '', 'not_started', null, null, 115, null, null, 'available', null, '{}'::jsonb, '[]'::jsonb, null, '[]'::jsonb, '[]'::jsonb, '[]'::jsonb, '[]'::jsonb, '[]'::jsonb),
    ('comm-ovation-11', '97165bae-19d5-41f6-978c-352876ac108b', 'comm-ovation', '', '11', 'pt-cottage', null, 'builder-ovation-1', '', '', null, '', 'not_started', null, null, 115, null, null, 'available', null, '{}'::jsonb, '[]'::jsonb, null, '[]'::jsonb, '[]'::jsonb, '[]'::jsonb, '[]'::jsonb, '[]'::jsonb),
    ('comm-ovation-12', '97165bae-19d5-41f6-978c-352876ac108b', 'comm-ovation', '', '12', 'pt-cottage', null, 'builder-ovation-1', '', '', null, '', 'not_started', null, null, 115, null, null, 'available', null, '{}'::jsonb, '[]'::jsonb, null, '[]'::jsonb, '[]'::jsonb, '[]'::jsonb, '[]'::jsonb, '[]'::jsonb),
    ('comm-ovation-13', '97165bae-19d5-41f6-978c-352876ac108b', 'comm-ovation', '', '13', 'pt-rancher', null, 'builder-ovation-1', '', '', null, '', 'not_started', null, null, 130, null, null, 'available', null, '{}'::jsonb, '[]'::jsonb, null, '[]'::jsonb, '[]'::jsonb, '[]'::jsonb, '[]'::jsonb, '[]'::jsonb),
    ('comm-ovation-14', '97165bae-19d5-41f6-978c-352876ac108b', 'comm-ovation', '', '14', 'pt-rancher', null, 'builder-ovation-1', '', '', null, '', 'not_started', null, null, 130, null, null, 'available', null, '{}'::jsonb, '[]'::jsonb, null, '[]'::jsonb, '[]'::jsonb, '[]'::jsonb, '[]'::jsonb, '[]'::jsonb),
    ('comm-ovation-15', '97165bae-19d5-41f6-978c-352876ac108b', 'comm-ovation', '', '15', 'pt-rancher', null, 'builder-ovation-1', '', '', null, '', 'not_started', null, null, 130, null, null, 'available', null, '{}'::jsonb, '[]'::jsonb, null, '[]'::jsonb, '[]'::jsonb, '[]'::jsonb, '[]'::jsonb, '[]'::jsonb),
    ('comm-ovation-16', '97165bae-19d5-41f6-978c-352876ac108b', 'comm-ovation', '', '16', 'pt-rancher', null, 'builder-ovation-2', '', '', null, '', 'not_started', null, null, 130, null, null, 'available', null, '{}'::jsonb, '[]'::jsonb, null, '[]'::jsonb, '[]'::jsonb, '[]'::jsonb, '[]'::jsonb, '[]'::jsonb),
    ('comm-ovation-17', '97165bae-19d5-41f6-978c-352876ac108b', 'comm-ovation', '', '17', 'pt-rancher', null, 'builder-ovation-2', '', '', null, '', 'not_started', null, null, 130, null, null, 'available', null, '{}'::jsonb, '[]'::jsonb, null, '[]'::jsonb, '[]'::jsonb, '[]'::jsonb, '[]'::jsonb, '[]'::jsonb),
    ('comm-ovation-18', '97165bae-19d5-41f6-978c-352876ac108b', 'comm-ovation', '', '18', 'pt-rancher', null, 'builder-ovation-2', '', '', null, '', 'not_started', null, null, 130, null, null, 'available', null, '{}'::jsonb, '[]'::jsonb, null, '[]'::jsonb, '[]'::jsonb, '[]'::jsonb, '[]'::jsonb, '[]'::jsonb),
    ('comm-ovation-19', '97165bae-19d5-41f6-978c-352876ac108b', 'comm-ovation', '', '19', 'pt-rancher', null, 'builder-ovation-2', '', '', null, '', 'not_started', null, null, 130, null, null, 'available', null, '{}'::jsonb, '[]'::jsonb, null, '[]'::jsonb, '[]'::jsonb, '[]'::jsonb, '[]'::jsonb, '[]'::jsonb),
    ('comm-ovation-20', '97165bae-19d5-41f6-978c-352876ac108b', 'comm-ovation', '', '20', 'pt-rancher', null, 'builder-ovation-2', '', '', null, '', 'not_started', null, null, 130, null, null, 'available', null, '{}'::jsonb, '[]'::jsonb, null, '[]'::jsonb, '[]'::jsonb, '[]'::jsonb, '[]'::jsonb, '[]'::jsonb),
    ('comm-ovation-21', '97165bae-19d5-41f6-978c-352876ac108b', 'comm-ovation', '', '21', 'pt-rancher', null, 'builder-ovation-2', '', '', null, '', 'not_started', null, null, 130, null, null, 'available', null, '{}'::jsonb, '[]'::jsonb, null, '[]'::jsonb, '[]'::jsonb, '[]'::jsonb, '[]'::jsonb, '[]'::jsonb),
    ('comm-ovation-22', '97165bae-19d5-41f6-978c-352876ac108b', 'comm-ovation', '', '22', 'pt-rancher', null, 'builder-ovation-2', '', '', null, '', 'not_started', null, null, 130, null, null, 'available', null, '{}'::jsonb, '[]'::jsonb, null, '[]'::jsonb, '[]'::jsonb, '[]'::jsonb, '[]'::jsonb, '[]'::jsonb),
    ('comm-ovation-23', '97165bae-19d5-41f6-978c-352876ac108b', 'comm-ovation', '', '23', 'pt-rancher', null, 'builder-ovation-2', '', '', null, '', 'not_started', null, null, 130, null, null, 'available', null, '{}'::jsonb, '[]'::jsonb, null, '[]'::jsonb, '[]'::jsonb, '[]'::jsonb, '[]'::jsonb, '[]'::jsonb),
    ('comm-ovation-24', '97165bae-19d5-41f6-978c-352876ac108b', 'comm-ovation', '', '24', 'pt-rancher', null, 'builder-ovation-2', '', '', null, '', 'not_started', null, null, 130, null, null, 'available', null, '{}'::jsonb, '[]'::jsonb, null, '[]'::jsonb, '[]'::jsonb, '[]'::jsonb, '[]'::jsonb, '[]'::jsonb),
    ('comm-ovation-25', '97165bae-19d5-41f6-978c-352876ac108b', 'comm-ovation', '', '25', 'pt-rancher', null, 'builder-ovation-2', '', '', null, '', 'not_started', null, null, 130, null, null, 'available', null, '{}'::jsonb, '[]'::jsonb, null, '[]'::jsonb, '[]'::jsonb, '[]'::jsonb, '[]'::jsonb, '[]'::jsonb),
    ('comm-ovation-26', '97165bae-19d5-41f6-978c-352876ac108b', 'comm-ovation', '', '26', 'pt-rancher', null, 'builder-ovation-2', '', '', null, '', 'not_started', null, null, 130, null, null, 'available', null, '{}'::jsonb, '[]'::jsonb, null, '[]'::jsonb, '[]'::jsonb, '[]'::jsonb, '[]'::jsonb, '[]'::jsonb),
    ('comm-ovation-27', '97165bae-19d5-41f6-978c-352876ac108b', 'comm-ovation', '', '27', 'pt-rancher', null, 'builder-ovation-2', '', '', null, '', 'not_started', null, null, 130, null, null, 'available', null, '{}'::jsonb, '[]'::jsonb, null, '[]'::jsonb, '[]'::jsonb, '[]'::jsonb, '[]'::jsonb, '[]'::jsonb),
    ('comm-ovation-28', '97165bae-19d5-41f6-978c-352876ac108b', 'comm-ovation', '', '28', 'pt-rancher', null, 'builder-ovation-2', '', '', null, '', 'not_started', null, null, 130, null, null, 'available', null, '{}'::jsonb, '[]'::jsonb, null, '[]'::jsonb, '[]'::jsonb, '[]'::jsonb, '[]'::jsonb, '[]'::jsonb),
    ('comm-ovation-29', '97165bae-19d5-41f6-978c-352876ac108b', 'comm-ovation', '', '29', 'pt-rancher', null, 'builder-ovation-2', '', '', null, '', 'not_started', null, null, 130, null, null, 'available', null, '{}'::jsonb, '[]'::jsonb, null, '[]'::jsonb, '[]'::jsonb, '[]'::jsonb, '[]'::jsonb, '[]'::jsonb),
    ('comm-ovation-30', '97165bae-19d5-41f6-978c-352876ac108b', 'comm-ovation', '', '30', 'pt-rancher', null, 'builder-ovation-2', '', '', null, '', 'not_started', null, null, 130, null, null, 'available', null, '{}'::jsonb, '[]'::jsonb, null, '[]'::jsonb, '[]'::jsonb, '[]'::jsonb, '[]'::jsonb, '[]'::jsonb);
  
  -- seed has no task rows (tasks are generated when lots are started)
  
  -- seed has no task dependency rows
  

end;
$$;

grant execute on function public.reset_buildflow_seed(uuid) to authenticated;
